{
  "type": "service_account",
  "project_id": "sabia-1b8e4",
  "private_key_id": "abcd1234efgh...",
  "private_key": "-----BEGIN PRIVATE KEY-----\nMIIBV...mQ==\n-----END PRIVATE KEY-----\n",
  "client_email": "firebase-adminsdk-xyz@sabia-1b8e4.iam.gserviceaccount.com",
  "client_id": "123456789012345678901",
  "auth_uri": "https://accounts.google.com/o/oauth2/auth",
  "token_uri": "https://oauth2.googleapis.com/token",
  "auth_provider_x509_cert_url": "https://www.googleapis.com/oauth2/v1/certs",
  "client_x509_cert_url": "https://www.googleapis.com/robot/v1/metadata/x509/firebase-adminsdk-xyz%40sabia-1b8e4.iam.gserviceaccount.com"
}
